<?xml version="1.0" encoding="UTF-8"?>
<project-private xmlns="http://www.netbeans.org/ns/project-private/1">
    <editor-bookmarks xmlns="http://www.netbeans.org/ns/editor-bookmarks/2" lastBookmarkId="0"/>
    <open-files xmlns="http://www.netbeans.org/ns/projectui-open-files/2">
        <group>
            <file>file:/C:/Users/adika/Documents/NetBeansProjects/CampoMinatoLavoro/CampoMinatoLavoro/src/MainModel.java</file>
            <file>file:/C:/Users/adika/Documents/NetBeansProjects/CampoMinatoLavoro/CampoMinatoLavoro/src/Casella.java</file>
            <file>file:/C:/Users/adika/Documents/NetBeansProjects/CampoMinatoLavoro/CampoMinatoLavoro/src/MainView.java</file>
            <file>file:/C:/Users/adika/Documents/NetBeansProjects/CampoMinatoLavoro/CampoMinatoLavoro/src/CampoMinato.java</file>
            <file>file:/C:/Users/adika/Documents/NetBeansProjects/CampoMinatoLavoro/CampoMinatoLavoro/src/CampoMinatoApp.java</file>
        </group>
    </open-files>
</project-private>
